Product Title,Description,Predicted Product,Category Path,Confidence,Matched Terms,Top 5 Alternatives,timestamp
Ghar Soaps Sandalwood & Saffron Magic Soaps For Bath (100 Gms Pack Of 2) | Paraben Free | Chandan & Kesar Bath Soap | Handmade Soaps For Glowing | Skin Brightening Soap For Men & Women,"Ethical Formulation: Ghar Soaps for Bath / Bath Soap as a beacon of ethical skincare, embodying a commitment to purity. Our formulations are devoid of parabens, sulphates, and cruelty, aligning seamlessly with conscientious consumers who seek a skincare experience rooted in nature and compassion.
Handcrafted Excellence: Elevate your bathing ritual with Ghar Soaps for Bath, where each bar is a testament to meticulous craftsmanship. By being entirely handmade, our Bath Soap / Tan Removal Soap go beyond the ordinary, delivering an exclusive touch that mass-produced alternatives simply cannot replicate. The dedication to handmade excellence ensures that each herbal soaps for bath or natural soaps for bath is a unique work of art, created with care and precision.
Premium Ingredients: The discerning choice of premium ingredients sets Ghar Soaps apart. We consciously avoid harmful and cheaper chemicals in our skin lightening soap/ skin brightening soap, opting instead for components that contribute to the richness and efficacy of our products. The result is a luxurious handmade soaps / tan removal soap that not only cleanses but also pampers your skin with the goodness of high-quality, thoughtfully selected ingredients.
Radiant Skin with Saffron: The secret to radiant skin lies in the inclusion of saffron in our Soaps for Bath/ Bath Soap. This key ingredient of this tan removal soap handmade soaps works harmoniously to brighten your complexion and provide a deep exfoliation experience. Revel in the transformative power of saffron as it unveils a cleansed, fresh, and flawlessly radiant skin, leaving you with a natural, healthy glow with our skin whitening soap or handmade soaps.
Harmonious Blend of Key Ingredients: Ghar Bath Soap / skin whitening soap bring together a symphony of carefully selected key ingredients, creating a harmonious blend that caters to your skin's needs. From the moisturizing properties of coconut oil to the soothing effects of goat milk and the aromatic luxury of santalum album (sandalwood), each ingredient contributes to a nourishing and rejuvenating bathing experience.",Soaps,Handmade > Beauty & Grooming > Skin Care > Body > Soaps,LOW (17.99%),"art, art created with, with conscientious consumers, healthy glow, ethical skincare, key ingredients creating, brighten your complexion, that contribute, goat milk, natural soaps for, radiant skin lies, together a, to handmade excellence, seamlessly with conscientious, selected ingredients radiant, and flawlessly, avoid harmful and, products the, in our soaps, choice of","1. Soaps (ID: 15970399011, Confidence: 17.99%)
2. Soaps (ID: 11056341, Confidence: 19.08%)
3. Health, Bathing & Skin Care (ID: 19530400011, Confidence: 19.78%)
4. Bath Additives (ID: 15970302011, Confidence: 19.85%)
5. Bath & Bathing Accessories (ID: 15970300011, Confidence: 20.17%)
",2025-11-18 16:12:40.377128
Amazone,,Amazon Fresh,Amazon Fresh,LOW (17.42%),amazone,"1. Amazon Fresh (ID: amazonfresh, Confidence: 17.42%)
2. Amazon (ID: 67577, Confidence: 17.44%)
3. Amazon Instant Video (ID: 2858778011, Confidence: 18.76%)
4. Brazil (ID: 2232105011, Confidence: 19.75%)
5. Peru (ID: 2239730011, Confidence: 20.59%)
",2025-11-18 16:14:44.501560
